bucket,capture,lift
Top 10%,0.3174909013059302,3.174909013059302
Top 20%,0.5798544208948834,2.8992721044744165
Top 30%,0.7888032541211732,2.629344180403911
