{
  "model_name": "GradientBoostingClassifier",
  "base_rate": 0.12256303954238934,
  "roc_auc": {
    "value": 0.8562356824571136,
    "bootstrap_mean": 0.8560552624539249,
    "ci_low": 0.8530880276071602,
    "ci_high": 0.8588747005155644
  },
  "pr_auc": {
    "value": 0.3625575425827537,
    "bootstrap_mean": 0.3627256496680228,
    "ci_low": 0.35360891678704204,
    "ci_high": 0.3717557739365059
  },
  "lift": {
    "top10": {
      "value": 3.1745758204565933,
      "bootstrap_mean": 3.1704706402543343,
      "ci_low": 3.087452929878086,
      "ci_high": 3.247617695022651
    },
    "top20": {
      "value": 2.899157997340098,
      "bootstrap_mean": 2.8980673754331066,
      "ci_low": 2.850031811727009,
      "ci_high": 2.9434839117249947
    },
    "top30": {
      "value": 2.6292981867155314,
      "bootstrap_mean": 2.628021226923273,
      "ci_low": 2.5997754237430852,
      "ci_high": 2.65641851507962
    }
  }
}